avg_balance,monthly_inflows,monthly_outflows
42039.91666666667,4024.5,697.5833333333334
